{"cameraMode":{"drawMode":0,"name":"Shaded","section":"Shading Mode"},"sceneLighting":true,"audioPlay":false,"sceneViewState":{"m_AlwaysRefresh":false,"showFog":true,"showSkybox":true,"showFlares":true,"showImageEffects":true,"showParticleSystems":true,"showVisualEffectGraphs":true,"m_FxEnabled":true},"in2DMode":false,"pivot":{"x":0.019999980926513673,"y":-0.90444016456604,"z":5.510000228881836},"rotation":{"x":0.025419924408197404,"y":-0.0778961181640625,"z":0.001983559923246503,"w":0.9966511726379395},"size":1.2109787464141846,"orthographic":true}