{"cameraMode":{"drawMode":0,"name":"Shaded","section":"Shading Mode"},"sceneLighting":true,"audioPlay":false,"sceneViewState":{"m_AlwaysRefresh":false,"showFog":true,"showSkybox":true,"showFlares":true,"showImageEffects":true,"showParticleSystems":true,"showVisualEffectGraphs":true,"m_FxEnabled":true},"in2DMode":false,"pivot":{"x":0.019999980926513673,"y":-0.90444016456604,"z":5.510000228881836},"rotation":{"x":0.20048114657402039,"y":-0.21548062562942506,"z":0.0452527180314064,"w":0.9546353816986084},"size":3.143113613128662,"orthographic":true}