{"cameraMode":{"drawMode":0,"name":"Shaded","section":"Shading Mode"},"sceneLighting":false,"audioPlay":false,"sceneViewState":{"m_AlwaysRefresh":false,"showFog":true,"showSkybox":false,"showFlares":true,"showImageEffects":true,"showParticleSystems":true,"showVisualEffectGraphs":true,"m_FxEnabled":false},"in2DMode":false,"pivot":{"x":0.019999995827674867,"y":-0.8777071237564087,"z":5.510000228881836},"rotation":{"x":0.0539650022983551,"y":-0.01797279715538025,"z":0.0009714719490148127,"w":0.9983810186386108},"size":0.38340073823928835,"orthographic":true}